,Time,Return,Drawdown
0,August 2018,0.0004578080000002956,-0.016832640999999968
