,Time,Return,Drawdown
0,August 2018,0.029135353999999825,-0.019022760999999992
