,Time,Return,Drawdown
0,August 2018,-0.07344736399999911,-0.07344736399999911
